,dstat,bootmean,bootstd,Z,ABBA,BABA,nloci
200,0.490169899081313,0.490101637730262,0.01063511549647738,46.08975795736959,2950.132812499997,1009.3255208333344,39165
20,0.5254007424887761,0.5252038126895752,0.011463744963342737,45.831510049188445,2944.7013888888864,916.1875000000027,37776
0,0.4891457235991232,0.4889642615706747,0.010703683024660736,45.698823710694406,3013.453124999996,1033.770833333334,40023
2,0.4878815653301392,0.48776351689332953,0.01070284703825052,45.58427898544348,2946.520833333334,1014.1718750000002,39821
22,0.5230879754256731,0.523371266644005,0.011600582351436108,45.0915272681045,2882.0156249999986,902.4218750000003,37624
322,0.5190093186408249,0.5191472435773994,0.01157109630109749,44.85394513496514,2679.4375,848.4375,35440
300,0.49410428218261254,0.4937160017790942,0.011054829998752715,44.69578295083334,2760.583333333328,934.7187500000006,37424
202,0.48884744137706,0.4890427872365879,0.010989158320068615,44.484520755726784,2887.421875,991.3125,38984
220,0.5200379872259715,0.519976449502281,0.011815924222398525,44.01162172656593,2884.3749999999945,910.7604166666683,37047
320,0.5223255463189092,0.5224725953974829,0.011875321547964782,43.9841181739139,2733.5416666666606,857.7291666666681,35561
302,0.49117657186144204,0.49115982728619695,0.01120206782265985,43.84695572614519,2706.671875,923.578125,37272
222,0.517761981889744,0.5188089127595957,0.011902273968555593,43.50109762702574,2825.859375,897.859375,36910
3,0.4896890324543851,0.4899014035164234,0.011375942169851097,43.04601984987014,2651.7395833333308,908.3854166666661,38193
203,0.48911160274009113,0.4896864031477226,0.011382427021458632,42.97076553339611,2618.765625,898.453125,37458
23,0.5172392772670737,0.5176696209585713,0.012060506038088182,42.887029419295075,2592.645833333331,824.9375,36276
120,0.5274881443378607,0.5276483843830161,0.012348412647637325,42.71708108481354,2060.1041666666633,637.2708333333331,27863
24,0.5436516191664927,0.5435799734121077,0.012742726080464135,42.66368245959275,2782.6249999999973,822.6249999999998,36346
324,0.5410273515677118,0.5397974021322001,0.012687162997031948,42.643682570664566,2598.75,774.0,34325
400,0.49478267397342457,0.4949614579209195,0.011856431437071985,41.73116309063851,2177.8750000000027,736.0937500000017,29627
204,0.505043190840475,0.5047455593651222,0.012170018073983834,41.498968018800156,2760.484375,907.828125,37560
224,0.5395569620253164,0.5402781705671709,0.013026456365876408,41.42008746436357,2736.5625,818.4375,35691
304,0.5076736525862381,0.5071963141903981,0.01232900857903083,41.1771675988359,2603.28125,850.09375,35982
230,0.4762644999062219,0.47728894964767504,0.011657285164681189,40.85552452205514,2418.6979166666642,858.0833333333342,36110
303,0.4901361122123426,0.49037382008918096,0.012029222922549291,40.74545092131941,2466.6875,844.0,35963
420,0.5274848134759433,0.5277891720680324,0.01301427728620411,40.53124133409297,2134.739583333332,660.3645833333348,28329
323,0.5133100504462553,0.5139227242236789,0.012695875945785615,40.431243392595384,2437.375,783.875,34335
122,0.521952138684756,0.5232261279266963,0.013048740084673383,40.00019429445327,2019.25,634.25,27757
232,0.4745683302261569,0.4738567044877421,0.01187660496174134,39.9582483171669,2360.484375,841.109375,35960
402,0.491056768176544,0.49102719620030955,0.012357158719518304,39.73864699179699,2128.34375,726.46875,29492
223,0.513604374087962,0.5134967066359893,0.012957328930790275,39.63813659677133,2560.6875,822.875,35642
330,0.4770548408937043,0.4773801797614539,0.012057245516399256,39.565822910784576,2272.510416666662,804.5729166666677,34661
4,0.5025699886614062,0.5025546500240347,0.01278391846498239,39.31267162240138,2809.109374999998,929.9635416666664,38321
332,0.47379216043755695,0.4749254276462453,0.012166971731910368,38.940845008700094,2223.03125,793.71875,34530
103,0.4921399914208574,0.49314979320374697,0.012671104590546725,38.839549299278794,1847.96875,628.96875,28045
100,0.4863731419630497,0.4862485638905822,0.012600182957708714,38.600482516445496,2058.2552083333344,711.244791666668,29113
102,0.4834428730371747,0.48392359777804234,0.012615399847800272,38.32164488400833,2020.796875,703.671875,28977
123,0.5261471682513436,0.5258055653692778,0.01375199728170203,38.25969111784353,1845.875,573.125,26953
422,0.5207768847195975,0.5212744326799175,0.013650930617085558,38.14955180182303,2087.21875,657.71875,28228
124,0.5373024803091825,0.5381786723054179,0.014162832010983561,37.9375028873105,1964.0,591.125,27079
423,0.5158386791983689,0.515008544009835,0.013652192819352885,37.784309526242076,1905.125,608.5,27431
403,0.48680745103672846,0.48678829341418395,0.013078823572374717,37.22104272933005,1940.5625,669.8125,28534
30,0.47075198450790123,0.4708832224529639,0.012661751435630668,37.1790574867223,2447.2291666666674,880.6319444444453,36808
404,0.5069221850917275,0.5075935275805067,0.01374305876365833,36.8856885362533,2071.5,677.8125,28721
333,0.4781941309255079,0.4788581216236631,0.012998380907647026,36.7887457924997,2046.375,722.375,33460
21,0.5606333620592111,0.560698204312192,0.01524542724936644,36.77387015063875,1867.5416666666672,525.7708333333334,25304
201,0.5188976176463062,0.5199485529290946,0.014149178404092206,36.67333910329601,1854.90625,587.53125,25957
104,0.49578084287524204,0.49690639920894386,0.01352598999101381,36.653941279316435,1955.40625,659.15625,28207
32,0.4685419846349193,0.4682943080664713,0.013004428909534302,36.02941643145928,2385.4322916666683,863.2760416666671,36643
233,0.476726069789777,0.47648034157034347,0.013233516481679204,36.024141463062215,2162.25,766.1875,34728
33,0.47494524223707474,0.47506752363121896,0.013186591892453789,36.01728529331895,2181.5208333333344,776.5833333333335,35342
424,0.5393463318838547,0.5396302517165249,0.014984737971397377,35.993043916640396,2057.625,615.75,27562
221,0.5591588414230921,0.5591704521588896,0.015615624690241761,35.80765115163864,1842.0,520.8125,24881
321,0.5590227651304831,0.5584453327303651,0.01601839852238134,34.89879243230223,1754.875,496.375,23997
401,0.5246325310935228,0.5252831862547939,0.015227713731647762,34.45248185899232,1474.84375,459.84375,20997
1,0.5129074206132814,0.5127034599273406,0.014992336138011523,34.21130742345468,1878.4479166666688,604.7812499999997,26441
421,0.5705701695820536,0.5710927716028172,0.016686211733391965,34.19411060452057,1470.25,402.0,20248
301,0.5217946280655061,0.5216632108480422,0.015267118647760461,34.177675572204215,1751.0625,550.25,24935
234,0.48552301942584913,0.48567294319576937,0.014305717022868794,33.93909013086887,2260.6875,782.9375,34840
130,0.4697684391080625,0.4697852853748989,0.014126947875786425,33.25335686367507,1713.7500000000011,618.2499999999998,27260
430,0.47595849571966403,0.4759230306769583,0.014392089660095626,33.07084009067392,1846.239583333332,655.5104166666655,27776
434,0.48830036162518614,0.48854918651833973,0.014802942771913498,32.98670873413545,1749.125,601.375,27032
34,0.47816508305513167,0.4779151663630476,0.014530780215037477,32.90704807167152,2278.4375000000023,804.3541666666664,35461
121,0.5488069414316703,0.5493305962669067,0.016713893225197854,32.83537438209126,1383.375,403.0,19917
334,0.48376763916544024,0.48374608866829716,0.014835146047033747,32.60956364242659,2142.375,745.375,33514
133,0.4787366918455957,0.47933658941618384,0.014689306663624793,32.59082969729905,1553.875,547.75,26398
432,0.4738971247151599,0.47367286729975033,0.014978077928032026,31.639381701189038,1798.9375,642.125,27661
31,0.4944233483767073,0.4950204173545895,0.015632810615961838,31.627284467444245,1566.0000000000016,529.791666666667,24811
231,0.5009207547169812,0.5019556069234442,0.015855731758604656,31.592408495756708,1553.6875,516.625,24403
331,0.5068265918080899,0.5071649653359274,0.01608108777666138,31.516934603370032,1476.125,483.125,23515
132,0.46814268142681426,0.46755286630146686,0.01527976934035638,30.638072538855187,1678.5,608.0625,27144
433,0.47328499721137757,0.47315011342450375,0.015602647345567072,30.333634205085357,1651.0,590.25,26861
305,0.44673264953508973,0.4468149443003251,0.014963138735002381,29.855544177377343,1508.927083333335,577.0520833333333,26094
134,0.4754209899642796,0.47559660706769824,0.01642658647570375,28.94216583996107,1626.375,578.25,26511
25,0.4599747529015859,0.4606411207367508,0.015914763941127074,28.902392432784698,1592.262152777776,588.9565972222217,26508
325,0.4713906388295934,0.4708851105602066,0.01632487109306735,28.875611705735178,1471.9270833333346,528.8020833333326,24964
309,0.46436001664372817,0.46413714205062295,0.016172559452554698,28.712834106810195,1429.71875,522.96875,25302
280,0.37554509719620477,0.37606850710414835,0.01326751291358555,28.30561384354542,1866.3281250000011,847.2552083333354,34197
101,0.4958344714558864,0.4958190720962285,0.01760349385877582,28.166821622668927,1369.0625,461.4375,20634
307,0.43889083248406674,0.4379189464710265,0.01560017528817295,28.13371160110012,1478.078125,576.390625,25975
212,0.3424869615651954,0.3433620802280631,0.01219163523446018,28.091962643135954,2278.4765625,1115.9348958333342,39536
431,0.497229814582256,0.4975958427087217,0.017767568810254146,27.985247722541036,1266.75,425.375,19957
29,0.47750143172707243,0.47691176582975764,0.017068039169209872,27.976349655235605,1504.9583333333314,532.2083333333331,25690
229,0.4774022737891294,0.4784369557820059,0.017282868416552626,27.622861106313728,1482.25,524.3125,25254
225,0.45603651771881537,0.4562637795968819,0.016554663177987056,27.54731478470748,1551.687500000001,579.697916666666,26006
227,0.44887335465159517,0.44841940136804853,0.016362287090469642,27.433411488852645,1522.109375,578.984375,25903
329,0.4819935479623412,0.48166031632710665,0.017594132106659992,27.39513066290379,1406.875,491.75,24302
209,0.4512231637572237,0.4509067473433053,0.016553646937009565,27.258232912314227,1514.578125,572.734375,26408
250,0.3538130551548985,0.35439385784273436,0.013038820138720866,27.135358214214026,2177.8515625000014,1039.5078125000016,38172
80,0.36818283913112815,0.36752767784855905,0.013589184419107166,27.093814299366056,1892.9878472222238,874.16840277778,34870
90,0.36163186464739305,0.3620337503895641,0.01335203073936776,27.08440923380595,2031.5381944444487,952.4375000000027,36817
5,0.42723521796204034,0.4281721388731691,0.01586958858321467,26.921631630320196,1647.8793402777765,661.3116319444455,27912
27,0.45393679570028245,0.4536104165728606,0.016883152588449798,26.88696872945592,1559.7031249999986,585.7864583333336,26387
380,0.3717707539367217,0.3712177622353197,0.013854303458321953,26.834315781744177,1762.2395833333344,807.0520833333343,32925
13,0.34398401531883926,0.3445620056740012,0.012863893368291843,26.74027259637615,2088.5581597222244,1019.4522569444449,38672
313,0.3462794944739909,0.34632231702550687,0.013016046740924636,26.604045096521517,1927.4375000000002,935.9166666666684,36299
282,0.3723338286396237,0.372227646302126,0.013995809471548203,26.603236447061786,1832.6875,838.21875,34071
210,0.3405526430127444,0.3404788920212723,0.01282231099478658,26.559381000134035,2326.0933159722163,1144.2565104166708,39740
83,0.3753329826764169,0.37619596144089873,0.014145794341132877,26.533185314664916,1688.7083333333344,766.9999999999995,33627
50,0.35075828524258923,0.3504552396439509,0.013227834313420228,26.516682695876323,2217.3107638888923,1065.7500000000016,38977
52,0.34901445848515433,0.3487287274184718,0.013183453774679423,26.473674080420643,2175.1171875000014,1049.6328124999995,38792
350,0.3534832314440653,0.3536155491949456,0.013391354132469547,26.396376941969365,2041.0104166666679,974.9270833333333,36583
310,0.34201214775624983,0.3416979476993488,0.012975215286978726,26.358880387863472,2164.0260416666642,1061.0208333333337,37864
9,0.4483674180518954,0.4479610045565081,0.01704737566057439,26.301257564754586,1537.0572916666645,585.4114583333337,26916
410,0.36037201166582183,0.36069404899390994,0.01374060900523289,26.226785983691112,1714.7595486111147,806.2560763888886,30028
290,0.3642715670970432,0.364299460140058,0.013910336638471923,26.187113695694077,1998.281250000003,931.1666666666689,36133
353,0.3578009329094242,0.35750336076015615,0.01370096337206576,26.11502003128681,1828.40625,864.78125,35248
327,0.4623342930363527,0.462564122856374,0.01774622633534452,26.052541216356413,1444.375,531.0625,24878
205,0.42524971382149934,0.424416956696611,0.016324206096524428,26.050253917833032,1608.2161458333342,648.5338541666673,27327
335,0.4371573794738748,0.43666516284419254,0.016804642782062656,26.014083437732957,1275.3125000000023,499.4583333333332,24515
253,0.3570944246374593,0.3572934958448382,0.01372972023707146,26.008863871331677,1938.90625,918.53125,36634
14,0.3496660287540442,0.34969592528676363,0.013461278850785397,25.97569165827383,2197.7881944444457,1058.9999999999995,38904
10,0.3372243327641656,0.3382148976631939,0.013029033796377121,25.882528054991678,2379.1306423611154,1179.1812789351882,40678
214,0.35515298709322024,0.3554007208605373,0.013727466749189234,25.87170623554387,2159.242187500001,1027.4713541666672,38086
312,0.3431582351475637,0.34281247636570233,0.013266858275967075,25.865825051375964,2119.947916666668,1036.7135416666654,37696
213,0.3448316328526399,0.344433074001143,0.013408902880727078,25.71661797538069,2059.171875000002,1003.1770833333343,37880
252,0.351288599953564,0.35104140058872013,0.01368975262647461,25.660697423721672,2137.03125,1025.921875,38005
382,0.3688802115512938,0.3690075426743456,0.014384836456643622,25.643684769243716,1730.90625,798.03125,32817
326,0.5193653756416239,0.5199811036587143,0.02026709663593436,25.626037363475568,1017.5,321.875,18257
12,0.3386330274564144,0.33896646085304183,0.013233063377602078,25.589919566891474,2323.747829861112,1148.0742187500011,40449
254,0.3570632647747982,0.3571121516244206,0.013960475180165847,25.576727164852592,2036.125,964.65625,36703
450,0.3735228234796116,0.3725507590767104,0.014606707963378282,25.57200598629769,1622.3593750000023,739.9739583333338,29040
7,0.42178080269758605,0.4210236467718451,0.016513780193670127,25.541141867642047,1609.718749999999,654.6510416666669,27740
207,0.41921563650209415,0.41891430652337236,0.016450347175467717,25.48369539138161,1572.46875,643.5,27178
306,0.4883948421520676,0.4882785712038951,0.019176247333614848,25.46873919882853,1046.0625,359.5625,18918
390,0.3618757990453063,0.3618984836798794,0.014209622948790374,25.466952947974725,1875.2604166666658,878.6770833333346,34732
92,0.35972270166585424,0.35921933062404626,0.014142341392498394,25.435866076367248,1989.989583333334,937.0625000000001,36652
284,0.3823884197828709,0.3823316517681811,0.015087113251891852,25.3453668305248,1754.8125,784.0,33067
292,0.36150352082065546,0.36168569693621305,0.014284503734005876,25.30739097082214,1957.671875,918.078125,35984
40,0.3367929435209988,0.3362261320728819,0.013310706191010567,25.302409856244378,2143.982638888891,1063.668402777779,38057
53,0.35688951782197115,0.3568419025980382,0.014120228529206729,25.2750525307554,1962.6770833333344,930.2291666666665,37327
283,0.37714285714285717,0.37759117934621417,0.014927133676465485,25.265591192331225,1671.9375,756.1875,33041
82,0.36573719519666764,0.3656963382783747,0.014499410517514456,25.22428030814619,1857.6302083333333,862.7031249999994,34730
308,0.43220394954098146,0.43231486705548394,0.017154138194389344,25.195316992511096,1355.3125,537.3125,25259
393,0.3611733550621308,0.3610198325052376,0.014443278962293866,25.006326887753307,1670.5,784.0,33568
480,0.3897148427979533,0.3892465073384638,0.015599192100563932,24.98301452316012,1425.5000000000016,625.9999999999992,26578
42,0.3379029282416264,0.3378697560259397,0.013543167995890256,24.950065475386907,2096.2500000000005,1037.385416666666,37861
94,0.3713247166793081,0.37163245693883057,0.014932292132212366,24.867228245439684,1902.0416666666677,871.9791666666671,35484
293,0.36051677352736355,0.36154233996137974,0.014511803410833133,24.84300285230132,1770.5,832.1875,34805
127,0.4471110055047325,0.44695112706925505,0.018002677031007067,24.83580662668374,1141.90625,436.28125,20649
93,0.36078428269624796,0.36037618956279627,0.014542705089644972,24.80860888481757,1791.4583333333362,841.5208333333335,35404
412,0.357436327451017,0.35754189670843395,0.014411438280606127,24.802266123016256,1682.0651041666686,796.231770833333,29879
337,0.43059530623926734,0.4306612007951772,0.017429240401567195,24.705339780645247,1249.625,497.375,24418
314,0.3550794347895784,0.35498439217765604,0.014380166339412137,24.69230371949189,2024.8697916666688,963.6927083333342,36385
328,0.4483422754161508,0.4497956989499223,0.01816652090871901,24.67958932086821,1316.0,501.25,24273
392,0.3592901541234374,0.3588987384135718,0.014563264788513266,24.6709895989,1838.3125,866.5,34604
352,0.35140629937848944,0.3517244263866075,0.014264322470311376,24.635330567566633,2004.515625,962.046875,36442
242,0.3416119748442996,0.34233096729744283,0.013870684770936713,24.628342470883645,2064.9609375,1013.3671875,37082
35,0.42249178003407367,0.42237872299756046,0.017175066513826505,24.59913501318633,1365.4982638888887,554.3697916666671,26014
383,0.3735526458175522,0.3742848566369755,0.015201505395629353,24.573398232319402,1586.625,723.625,31911
43,0.34764949173182447,0.34740798810442763,0.014151899300443908,24.565571330833283,1890.5416666666686,915.1458333333331,36310
490,0.3837875102931888,0.3840479312382668,0.015640531802032075,24.538009010878117,1505.4166666666663,670.3750000000002,27734
235,0.41966134931476623,0.41961424469585584,0.01712524719166778,24.50541849807288,1342.348958333334,548.7343749999997,25537
6,0.4708743800529928,0.46980700553664034,0.019250774861396338,24.460022177976807,1127.5937500000002,405.6354166666667,20099
354,0.3565203962318265,0.3559340579810675,0.014668641636217805,24.304936003859762,1921.46875,911.46875,35254
8,0.4177416914620001,0.41699482417973055,0.01722452619940458,24.25272466864375,1464.1874999999998,601.3333333333334,26822
482,0.384291116483789,0.38452010057225544,0.015861843312423907,24.2273933057194,1395.625,620.75,26473
131,0.47555555555555556,0.4760246147193216,0.0196491700173244,24.20232280224889,1162.0,413.0,19580
226,0.5039019443587144,0.5035469937381147,0.02089727898032957,24.113280242515447,1065.9375,351.625,18959
339,0.45172130535434246,0.4511127260868628,0.01876671604475149,24.070343701964624,1215.0,458.875,23874
125,0.4537972950060643,0.4546768176715033,0.018873303000578368,24.04440256123466,1161.114583333333,436.239583333333,20733
240,0.33902378826604695,0.3391507364175949,0.014100304195716342,24.04372157935728,2105.130208333334,1039.1458333333346,37257
62,0.3506000030037698,0.35101039341238605,0.014582097881278675,24.043179922272362,1873.4791666666658,900.8125,34661
28,0.44382548052389914,0.44385949949010906,0.01851551928257893,23.970458173511243,1414.7083333333321,544.9583333333331,25631
206,0.4715331817328354,0.4718423776472317,0.019673654064495286,23.967747942859454,1102.109375,395.796875,19726
113,0.3507593878786133,0.3509448121849862,0.01465691785572362,23.931319758447,1464.687500000001,703.9999999999997,28339
228,0.43642924482299017,0.43642602985558443,0.01824573928771404,23.91951556146943,1380.8125,541.75,25197
60,0.34940685748804995,0.349769769161856,0.014609508946402911,23.91639984409465,1915.7899305555577,923.6649305555565,34827
429,0.4660285579789738,0.4652893155714268,0.019548671388821853,23.839398018908543,1167.875,425.375,20608
237,0.4136002156624882,0.4128731831263544,0.01735161013711574,23.836417046841202,1310.9375,543.8125,25419
452,0.3666434353723262,0.36719358769321003,0.015400198725807538,23.80770806274778,1593.25,738.375,28910
340,0.34075691463531543,0.3408890883471467,0.014315913035977037,23.80266726816278,1970.067708333339,968.6718750000017,35581
425,0.43798948275646715,0.4378082621715997,0.018433742140035417,23.760204489636287,1199.2083333333328,468.68749999999966,21103
243,0.34920884830355037,0.3490159263468571,0.014738901985398711,23.69300295568142,1874.578125,904.203125,35621
442,0.35759640277967025,0.3574328487464252,0.01510775041738887,23.669731952156184,1556.78125,736.65625,28620
54,0.3539390758092714,0.3538246153007142,0.014986285981286226,23.617531138218272,2068.8541666666674,987.1979166666672,37414
294,0.374309866898811,0.37455291721228795,0.015856086759293966,23.606698965582485,1874.6875,853.5,34876
264,0.368549662210723,0.3685725941632834,0.015629712305678535,23.580066926556462,1785.1875,823.6875,33216
37,0.4169864528614873,0.4164101797374188,0.01773408875577204,23.51327201549996,1334.6979166666667,549.1562500000001,25883
440,0.35790939149602746,0.3570688179686191,0.015225060121499387,23.507913179969762,1584.9843750000002,749.4635416666669,28751
342,0.34148223835818947,0.3413546025857581,0.014550709250304529,23.468425661178177,1928.296875,946.578125,35433
208,0.4115544049435224,0.4123875958752784,0.01755758375652809,23.440264369549272,1431.25,596.65625,26329
44,0.35251707918019987,0.35210743302228603,0.01504946279874805,23.423897842355238,2012.7708333333355,963.5624999999993,36728
244,0.35860142554421115,0.35835685047986643,0.015315844607955263,23.413754495651425,1983.515625,936.421875,36021
394,0.37043663265799526,0.3704511772980645,0.015848666061548954,23.37336348809352,1771.375,813.75,33582
211,0.3754381056165874,0.37524489622699336,0.016067714799243293,23.365992632273297,1459.3828125000005,662.6796874999998,26278
343,0.35114412363723496,0.3511934148976897,0.015104522773081646,23.247614566348464,1762.1875,846.25,34195
414,0.369137537326541,0.3689203455094951,0.01595091001461942,23.142098913994058,1623.8541666666692,748.2291666666675,29093
281,0.41024629835442583,0.41006199655250475,0.017728943329250877,23.13991819679196,1229.25,514.0625,23484
454,0.3794543429844098,0.3791887974625326,0.016399781657638075,23.137767984104947,1548.4375,696.5625,28202
484,0.40015420200462604,0.39986644416979045,0.017317802920633105,23.106522451983025,1362.0,583.5,25893
407,0.40870415293819473,0.4095242944610267,0.017689245990351488,23.104667839495274,1215.84375,510.34375,21905
107,0.4165698504904295,0.4171090757483845,0.018030791640943254,23.103247976339947,1162.140625,478.640625,21448
64,0.36576119309458915,0.3659985493504726,0.015849326240349754,23.07739695353244,1816.2916666666665,843.458333333333,33818
239,0.43551415111048136,0.43571206764150483,0.018876155655474704,23.072184774242842,1266.4375,498.0,24802
84,0.37402031930333823,0.3739869236043487,0.016223405400870194,23.054365594739835,1775.0625000000011,808.6874999999997,33660
153,0.3607215648100265,0.3602783342824339,0.01564879575248109,23.051075016608525,1397.84375,656.71875,27603
413,0.35141430027534193,0.3519306447200375,0.015265170320852254,23.020660293276208,1526.119791666668,732.4322916666682,28828
262,0.3519138207655283,0.3515876583104112,0.015308874457703731,22.98756983982178,1843.25,883.625,33999
351,0.39251933224917857,0.3933448710595564,0.017084756630499714,22.974827253228348,1311.1875,572.0,24537
291,0.4035901986212545,0.4047248262673284,0.017588985779215752,22.94562083836363,1285.25,546.125,24463
251,0.3948687332086914,0.394036947028002,0.017243026607017032,22.900198567692286,1387.21875,601.8125,25484
494,0.3941158629056718,0.39479892896394264,0.017210262077487628,22.900050047535665,1436.375,624.25,27006
70,0.3585545870687297,0.35934904056157024,0.01575067137034033,22.764400236545747,1575.1284722222238,743.7013888888896,30232
427,0.4331447233509285,0.43361960823459783,0.01902826685307899,22.76322518994108,1179.34375,466.46875,21025
362,0.35233818217319146,0.35222106527036595,0.01548274044558381,22.75683580768739,1731.5,829.25,32537
63,0.35237984114945764,0.35296385008638714,0.01549248266962085,22.745214480080584,1690.291666666667,809.4375000000003,33318
260,0.348064624705487,0.3482273916682626,0.015315586457409823,22.726170210549796,1877.3906250000002,907.9218749999994,34147
112,0.3371043509249365,0.3373758649399633,0.014876491744271358,22.660204886998894,1612.2031250000007,799.2812499999984,29334
384,0.3751874644463981,0.3758474553817429,0.016583188916498712,22.624566742595682,1662.0,755.125,31893
183,0.37564964312937427,0.3757851817134631,0.016620883009185676,22.601064150548932,1240.75,563.125,25438
39,0.4347876944671901,0.43348771907306527,0.019237612533127245,22.60091753685568,1277.708333333332,503.3333333333332,25221
105,0.4193661442947968,0.41948975180075443,0.018564489983933605,22.589693800246156,1181.2083333333335,483.2083333333347,21563
364,0.36644200070947147,0.36568072442910715,0.016223332607677457,22.587344386692664,1685.25,781.375,31839
26,0.5042752209342367,0.5039328527149192,0.022340927711265092,22.57181203267415,1092.229166666667,359.93750000000006,19292
143,0.36071807018637414,0.36068651553096415,0.01599860807272981,22.546840859313928,1364.375,641.0,27199
72,0.3578209515399052,0.3574074123471908,0.015879078667168717,22.534112906671908,1537.5625000000002,727.1875000000007,30091
460,0.3639088669707073,0.36399094620907235,0.016165961240860113,22.510809072764143,1436.125,669.7708333333335,26765
270,0.3666656033394557,0.36795808385898143,0.016310802006713702,22.479924849098907,1561.9635416666672,723.8385416666669,29702
128,0.4500516706854978,0.44987432644152736,0.020022544419412,22.47724671042155,1052.375,399.125,20165
409,0.44016219493709263,0.43919814052194367,0.01959968168065646,22.457619573051666,1187.59375,461.65625,21413
411,0.3885300535856092,0.3883686625113654,0.017463753618967837,22.24779747027676,1156.6093750000007,509.33854166666674,21237
405,0.41024956863582135,0.41019287992614967,0.018442264582221722,22.245075533256394,1238.7500000000011,518.0312500000006,22018
38,0.41765206244234465,0.41700988471498246,0.018780392953546766,22.23872862912962,1232.604166666665,506.3333333333333,25145
150,0.3475327513875036,0.347234481624816,0.015644608623701702,22.214218312945768,1554.1614583333333,752.5156249999993,28581
344,0.3568923104956268,0.35725977156689104,0.01606606056242651,22.214052356449237,1861.65625,882.34375,34479
272,0.3639681718385098,0.3645109684726669,0.016401302442832506,22.191418828299618,1524.0,710.65625,29573
492,0.3760072141257236,0.37569044751762326,0.016950712240292536,22.18238436211188,1478.21875,670.34375,27619
444,0.37055176513886134,0.3705045959055347,0.01671730326250434,22.16576198446918,1512.875,694.8125,27981
370,0.36495616621076993,0.3649609942623124,0.016568159970659413,22.027561712167888,1471.010416666668,684.3854166666682,28542
180,0.3613298155235531,0.36007519290952783,0.01641561546879039,22.011347439912846,1359.8124999999995,637.9583333333322,26204
336,0.47297568816556157,0.4735469867592571,0.021501124978639003,21.99771819546441,916.375,327.875,17970
129,0.44679450251008146,0.44748136520637993,0.020327974528062974,21.979292717691923,1098.75,420.125,20212
263,0.35278233438485807,0.3539845539570947,0.016062686010932536,21.962848190193622,1675.125,801.4375,32725
464,0.380102359256023,0.38074620192981895,0.01731254407855112,21.955315032349283,1382.0,620.75,26151
374,0.3712271152894607,0.37169423162320736,0.016910689200902673,21.952216783077358,1385.625,635.375,27763
273,0.374027637961014,0.3749843737188669,0.017041743142686555,21.947733563953378,1407.5625,641.25,28651
110,0.3360422672676888,0.33556573712810633,0.015334597983714992,21.91399263447,1644.5659722222242,817.2812500000002,29485
338,0.43099068585944117,0.4298532626213105,0.019728193950060174,21.846433938679247,1161.875,462.0,23822
109,0.4232524621667067,0.42304144434630586,0.019391797298090742,21.82636584224088,1110.9375,450.1875,20949
311,0.3776630454642743,0.3779579175514093,0.017384439316129006,21.724200510388883,1374.4843749999989,620.9010416666663,25172
193,0.3636064927383847,0.36300710876502723,0.01674380434376955,21.71588279898197,1296.875,605.25,26507
108,0.42252300581851193,0.42256599525644545,0.019466626640122685,21.704993557931054,1077.25,437.3125,20876
453,0.3596080725358292,0.360168360176415,0.016573903764040464,21.697246325036115,1452.65625,684.21875,28045
381,0.40829825616355986,0.4082431155231979,0.01884197332797958,21.669612256443077,1171.0,492.0,22701
360,0.3501256841033474,0.3493477987612317,0.016193456668335698,21.62142964744364,1767.9895833333348,851.0104166666665,32664
493,0.36603295310519646,0.36600659539027874,0.016957047452883574,21.585889531903856,1347.25,625.25,26876
238,0.41184191337319526,0.4113459457794758,0.019083720760661407,21.58079750475879,1210.125,504.125,24730
483,0.37990855298547604,0.38030908612235226,0.01761312353651814,21.56962972511907,1282.625,576.375,25794
140,0.34536881628471855,0.34460412967835286,0.016020977374058262,21.55728756248992,1532.1718749999998,745.5260416666669,28208
451,0.4100981323203545,0.4093403096600928,0.01903557744038433,21.54377158269566,1113.625,465.875,20683
74,0.3712800269580705,0.3710949836452384,0.017245571972942665,21.52900625972789,1483.6250000000014,680.229166666667,29312
51,0.38475231123023795,0.3845683040621768,0.017871708409298113,21.52856920103189,1401.895833333333,622.8645833333331,25940
192,0.35378044077952125,0.3534401358498894,0.016437327136944145,21.52299080209779,1426.25,680.8125,27249
36,0.4644398928627697,0.46369779606284484,0.0216126575318176,21.489254256633327,968.2083333333335,354.08333333333314,18973
190,0.35384929469294174,0.3530307595553619,0.016519521731939373,21.42006896051949,1450.635416666667,692.3437500000005,27362
236,0.46382162550947015,0.4636138310471834,0.02168608958329465,21.387978857505217,954.0,349.4375,18665
160,0.36061302050611327,0.3608374472034724,0.016910390051047476,21.32493806574118,1376.1041666666667,646.6666666666675,26165
462,0.365376499668415,0.3658196681911211,0.017154436539973613,21.29924225823491,1415.46875,657.90625,26648
491,0.42106609808102347,0.42064493374205764,0.019788866543190224,21.27792903964585,1041.375,424.25,19967
363,0.3570163670512477,0.356133203333617,0.01678480860425416,21.270207809266342,1580.5,748.875,31451
470,0.37199065010263516,0.37175295112542245,0.01750173406992099,21.254502474811883,1204.4791666666665,551.3333333333322,23688
135,0.410019042038962,0.40965118047053023,0.019343102551085945,21.197170461981706,1002.7291666666674,419.56250000000006,20315
341,0.3835704173127486,0.3840818095073471,0.01809862272066409,21.193348423955342,1282.65625,571.46875,24274
443,0.358915331260464,0.3592862529750348,0.016947356532811108,21.17824868825897,1420.40625,670.09375,27678
373,0.37104333868378814,0.3711893935709705,0.017606618106055558,21.07408341844893,1334.625,612.25,27641
372,0.3597805131247219,0.3603238276604995,0.01712557478205566,21.008375935019906,1432.65625,674.53125,28433
274,0.3784012859856788,0.3780216791697494,0.01804660312440206,20.96800618804634,1473.8125,664.625,28840
142,0.34382709127607086,0.3434464580098144,0.01644118850114729,20.912544810983594,1498.03125,731.46875,28075
391,0.3989644757658565,0.3983253603056929,0.01916125703640011,20.821414534962642,1215.875,522.375,23601
91,0.3914861736981575,0.39122939010212415,0.018804776229355148,20.818443618968942,1296.270833333335,566.875,24860
81,0.39858761701428763,0.3990934649240507,0.019154091743887755,20.809528446655822,1241.9166666666667,534.0416666666667,23883
437,0.40307951908879985,0.4026060355151571,0.01946453851912425,20.708403576728376,1039.375,442.1875,20704
463,0.3606525027955009,0.3600859571801803,0.017437188369681375,20.682950436125328,1292.875,607.5,25821
481,0.4178669258637448,0.41638944571667325,0.020207658315267454,20.678641698332488,1002.875,411.75,19282
11,0.3674722145251666,0.367794264161313,0.017774186861015173,20.674488087618677,1482.2282986111125,685.6085069444437,26792
472,0.36848418756815704,0.3695136910853026,0.017841565621308373,20.653130750368256,1176.46875,542.90625,23587
73,0.3714521851314301,0.37293710790120493,0.018058632753112324,20.569230805549882,1417.395833333334,649.6041666666661,29119
152,0.34619879824549343,0.3468066783570319,0.01692428769462664,20.455738196616068,1529.765625,742.953125,28458
173,0.3865079365079365,0.3867350614718228,0.018938671896714027,20.40839709436003,1091.875,483.125,22613
428,0.4173720108472348,0.41766559826331,0.02050250461150908,20.35712312987083,1078.0,443.125,20533
435,0.40387187512926936,0.40407955908370335,0.019860935387179823,20.33498761543565,1060.5520833333335,450.34374999999994,20797
406,0.44435381085903647,0.44550191032906,0.02186323358607869,20.324249343517817,885.34375,340.59375,16517
182,0.35785401737586403,0.3581587023617156,0.017636324145355344,20.290737141509588,1338.25,632.875,26109
163,0.3625121578435459,0.3626671715487892,0.017892045663270722,20.26107940176571,1225.75,573.5,25294
474,0.38186175391297833,0.3824481905436364,0.018856575529991985,20.250853783372015,1153.25,515.875,23136
126,0.47748961490962166,0.47725515287104114,0.023615821802305155,20.21905563595562,822.5,290.875,15637
154,0.3502471357961201,0.3500832854984164,0.017330436882685967,20.209942667171635,1476.875,710.6875,27722
114,0.3425827877236699,0.34285406907214777,0.016975268162516915,20.18128871036788,1551.8229166666677,759.8749999999998,28523
194,0.362816553428042,0.36275820743133325,0.018057339366362828,20.092470217616658,1379.0,644.75,26611
408,0.39737319555099787,0.39768312296162295,0.01978167367273676,20.087946152840466,1107.15625,477.46875,21317
441,0.3813981518682202,0.38147859326016614,0.019030366468992282,20.04155582025512,1074.46875,481.15625,20629
106,0.4449681323978362,0.4447404240222915,0.022217186636255933,20.02810435375731,843.09375,323.84375,16155
361,0.3868015772635965,0.3869932198599924,0.01934749143332215,19.99233743540565,1165.0,515.125,22600
271,0.4040345342852399,0.4041889822640997,0.020220531960745053,19.981399849895574,1057.0625,448.6875,21148
137,0.410232392167358,0.4097472191631519,0.020566996135336052,19.946150107090254,988.0,413.1875,20227
162,0.35576074624984244,0.3555184327122468,0.017857286948418292,19.92244103359463,1344.40625,638.84375,26052
241,0.3755572955783889,0.37559112761405006,0.018909448870494488,19.86082715315901,1345.015625,610.578125,25297
139,0.4242509101092131,0.42497873969145084,0.021383915270499466,19.839720871626135,953.625,385.5,19811
426,0.4805111821086262,0.4801629552855217,0.02423567550730862,19.826605698022366,868.875,304.875,15950
41,0.3718678246980125,0.37239208397128826,0.018762536528293048,19.819698905702477,1359.8854166666674,622.6458333333336,25756
473,0.37195409526803963,0.3718473871040055,0.018802701458694514,19.781949741910367,1090.875,499.375,22965
138,0.41096675582728315,0.4113568359741395,0.020941217707833,19.624778346751167,923.125,385.375,19763
164,0.36699987018044916,0.3663677180285766,0.018753884623369656,19.569272049542313,1316.25,609.5,25541
261,0.3760039627781906,0.37583487224049195,0.019259987069765006,19.52254492260042,1215.3125,551.125,23522
172,0.36287398835463436,0.3627539041610873,0.018655390994982608,19.451427657143707,1163.0,543.6875,23192
184,0.3622866112891621,0.3620224991701551,0.018631327554170816,19.445023991758468,1301.75,609.375,25501
315,0.33179563146853763,0.3320346322853539,0.01710717162032859,19.39511912502603,1279.0937500000036,641.7621527777775,26372
170,0.3611429937828788,0.36160836890535986,0.018699165049719,19.313321895530613,1185.8958333333333,556.6041666666664,23290
371,0.40272593107040544,0.4017051601225381,0.020908400848921396,19.261441082003213,1009.875,430.0,20400
439,0.42021603583033285,0.4196223839443305,0.02185402135518088,19.228316335964102,1010.75,412.625,20294
471,0.39623798814148437,0.39521031189128203,0.020686974176593573,19.153984761570918,853.625,369.125,17586
71,0.3998099880209842,0.3998788336270934,0.020968114028625088,19.067522595268926,1058.999999999999,454.06249999999994,21485
144,0.3512305549106106,0.3516681931652477,0.018427779169301814,19.05984175758483,1454.9375,698.5625,27409
317,0.33046312092462715,0.33013451166580415,0.017712905295241773,18.656630034227057,1244.9635416666683,626.5104166666661,26241
461,0.384139879901095,0.3832070300832669,0.020623680031233757,18.62615591976457,979.625,435.875,19361
61,0.3745524712884176,0.37451693945267245,0.02049190750747702,18.27806762995354,1231.7708333333337,560.4791666666665,23920
174,0.3627554882664648,0.3634176479516542,0.01985000600884449,18.274830148909437,1125.125,526.125,22703
395,0.35136590491200326,0.35119135129731405,0.019243236796413696,18.259189378030534,1071.8020833333337,514.4479166666664,24479
319,0.34620113539429975,0.3460546693004413,0.019162629508363622,18.066473353419404,1191.843749999999,578.8333333333333,25548
438,0.3994696900429734,0.40009015963837213,0.022212361574424445,17.984116128513193,956.625,410.5,20215
136,0.44071914480077745,0.44092111678928403,0.024588714914426144,17.923634737910135,741.25,287.75,15364
349,0.3621442553832254,0.36116546019996026,0.020380884231060065,17.768819609471347,1130.75,529.5,24665
347,0.34156591107391515,0.3424684617466545,0.01931301029296107,17.68579345698398,1177.203125,577.765625,25222
367,0.3592496556194798,0.35796927086642344,0.020432341401307633,17.58240274883467,1048.40625,494.21875,23406
436,0.4345864661654135,0.43396873051096624,0.024742251728795153,17.564547921062484,775.125,305.5,15749
397,0.33833893961236583,0.3377483006266613,0.019393249162328964,17.446222485996987,1044.40625,516.34375,24381
399,0.34978808277237594,0.35004811280740894,0.02008380088812612,17.416428529680182,1015.125,489.0,23852
141,0.36163651315789475,0.3613856446465762,0.020782682793288917,17.40085804873437,1034.84375,485.15625,20207
56,0.37450904509786187,0.37505751737728416,0.02157712821394189,17.356760426342362,869.4270833333334,395.64583333333337,19751
111,0.3450676289556859,0.3473149120156913,0.020025622125576684,17.2313063130741,1094.9270833333346,533.1354166666661,20814
369,0.374516725500084,0.3751375037457873,0.02180042504777958,17.17933135153387,1022.125,465.125,22976
355,0.3267608309732875,0.32614587388342486,0.019068490042217147,17.136167061463567,1163.8802083333326,590.5885416666658,25591
161,0.37055837563451777,0.37174671580146473,0.021650654874917543,17.115342597041376,945.0,434.0,18936
151,0.3557446808510638,0.3554347582386863,0.02087128984773063,17.044690742471985,1045.40625,496.78125,20320
296,0.39224604721680745,0.3933119847069113,0.023020695998387405,17.03884397084624,803.5,350.75,18678
215,0.30309226629682984,0.3022855847548818,0.017827472471974776,17.00141547116667,1368.5924479166686,731.9379340277765,27726
219,0.324917529120611,0.3254500446838419,0.019118931490750543,16.994544348767676,1264.5130208333333,644.3046875000006,26756
181,0.3745314928238413,0.373163170563042,0.022045398719642704,16.989100428023985,939.75,427.625,18973
96,0.39082810249479927,0.39126147949921253,0.023223402366792295,16.829063042616607,814.7499999999999,356.85416666666674,18985
356,0.381389183457052,0.38137484710548575,0.022764027851981335,16.754029029351088,814.15625,364.59375,18640
357,0.3148251874604752,0.3146405300005389,0.018833730887943614,16.716028774840893,1137.015625,592.515625,25484
191,0.3569883167459974,0.35590522782282846,0.02137609040536916,16.70035586377996,980.0,464.375,19640
365,0.3515708792214916,0.3510096150497545,0.021059510856593373,16.694161683789574,1076.3854166666665,516.4062499999998,23511
295,0.33190097683024994,0.33201221926316604,0.020039292201094527,16.56250996789806,1128.4322916666674,566.0364583333329,25484
345,0.3384229664628492,0.3381307140729647,0.020618832250578343,16.413294523668124,1203.9114583333355,595.0885416666674,25340
255,0.3061151208301909,0.3045764574004797,0.018763282392282806,16.314582621007382,1231.411458333334,654.1979166666661,26741
249,0.3372518924198556,0.3376044423759871,0.02068466105604787,16.30444373760954,1197.96875,593.71875,25784
256,0.37789880534082926,0.37869934690961055,0.023278535551893485,16.233787752601593,857.828125,387.296875,19400
318,0.3197628697598453,0.3193945406170703,0.019727596042629802,16.208912077724147,1136.3020833333328,585.677083333333,25470
95,0.3268166942393736,0.3268223011956301,0.020199370278043152,16.179548656258135,1150.1059027777785,583.5260416666661,25959
348,0.33685395876208596,0.33518334864070537,0.020880768813291945,16.132258432345502,1075.875,533.6875,24520
359,0.3277612165578657,0.32703827023724535,0.020333405497455506,16.119346884558087,1099.59375,556.71875,24867
316,0.3736910358242826,0.37404737120946113,0.023195926100521513,16.110201170880643,882.739583333333,402.46875000000006,19074
396,0.3967205647916192,0.3980523897148829,0.024646398152972735,16.096492571827117,766.625,331.125,17993
171,0.3795681063122924,0.3809046155742195,0.023597773000318376,16.084912178245435,830.5,373.5,17302
216,0.35580196442393697,0.3550519372366401,0.0221277805959075,16.079423911575752,939.6484374999994,446.4661458333333,19967
19,0.31602764771460445,0.31609028884666107,0.019672388754106488,16.06452839381977,1280.8993055555534,665.7152777777785,27302
385,0.32013969732246755,0.320343262668388,0.01992858648670505,16.064345433432635,1015.8749999999995,523.1666666666662,23556
269,0.3536542309050253,0.35329910286598004,0.02204020087663071,16.045871491126288,1078.3125,514.875,23980
85,0.30916999447590665,0.3078672814158027,0.019272188628835923,16.04228769395254,1077.987847222222,568.8385416666665,24948
15,0.2962721622740858,0.29638639572791997,0.018496621857983047,16.017636331048,1398.4466145833333,759.1969039351834,28368
368,0.3517619005563897,0.35170178628550025,0.02198340138480765,16.001249961231487,956.625,458.75,22799
55,0.30153355708020213,0.3011315820137987,0.018885044741678823,15.966790717457242,1255.2986111111102,673.654513888888,27292
49,0.32945645385845007,0.3297939341142268,0.02064643860187454,15.957059724021262,1208.552083333332,609.5624999999999,26265
285,0.3086544487217198,0.3096017015218145,0.019353622764819733,15.948148440858315,1065.8854166666665,563.0937499999998,24494
299,0.3375441349548843,0.33759686060615424,0.021333682131773106,15.822122635462271,1065.4375,527.6875,24775
86,0.37640428329889164,0.37476144552236323,0.023807315179614652,15.8104465144055,763.1875000000001,345.77083333333337,18366
217,0.30090339268450395,0.30087928618917337,0.019052247797819086,15.793590125305236,1322.8307291666679,710.8802083333323,27552
18,0.2997371066977835,0.30022782296692185,0.01913396459685314,15.665185601267373,1223.118055555554,658.9826388888882,27128
267,0.3313650508004349,0.330864719061166,0.021280042507588,15.571634816155905,1109.734375,557.328125,24473
386,0.3745128144561238,0.37359176493077656,0.024057064651189976,15.56768541325754,727.375,331.0,17434
97,0.31419411786340407,0.31335325700619576,0.020194371517806866,15.558499435664832,1116.6406250000002,582.7135416666667,25819
286,0.3765790372140662,0.37699013594644115,0.024218211573952965,15.54941561494501,756.0,342.375,18066
297,0.31815956926089084,0.31797678491175546,0.020489761010679154,15.527734515549877,1094.03125,565.90625,25359
16,0.3496997926554836,0.34956640408898854,0.022521427360343363,15.527425818101081,953.8159722222223,459.559027777778,20370
218,0.2996848002749196,0.30014245298100983,0.01937491623830451,15.467669464420089,1201.575520833333,647.4505208333328,26604
259,0.31689577294471216,0.31806036007666183,0.020487909754843416,15.467452597002818,1157.078125,600.203125,25902
375,0.33657637905570925,0.3367724328257125,0.021790736746315355,15.445846690457666,914.4270833333344,453.88541666666714,21163
387,0.3105096197421003,0.3096070986565599,0.02019360763013297,15.376629348723048,994.0625,523.0,23474
247,0.3108914461820924,0.31089626206352144,0.02022651086075455,15.370493127676031,1249.484375,656.828125,26418
99,0.32945213401704176,0.3287813802470224,0.021480666850961727,15.337146481664819,1077.5625,543.4999999999998,25187
389,0.3256053580628542,0.3251863076798517,0.02124270134278664,15.327869690801808,964.875,490.875,22956
379,0.35337758688012494,0.3542891106313916,0.023072649652792127,15.315864982908936,866.5,414.0,20660
57,0.2902276219481969,0.28997511454785724,0.018960429371280903,15.307017381568405,1220.1588541666658,671.2265624999999,27134
69,0.34815463240689526,0.3482580944208646,0.02297100472816462,15.156264888145046,1090.8958333333321,527.4583333333336,24395
257,0.293123848481263,0.29274333801544045,0.019362774718339134,15.138524965827111,1195.3515625,653.4296875,26600
67,0.33034593793808514,0.33178964211916634,0.021847609560884673,15.120461440757662,1131.8541666666665,569.7395833333335,24927
245,0.3072408189968113,0.3072316033810058,0.020410040535189463,15.053415423996327,1280.0781250000018,678.3645833333343,26569
456,0.3575135861268853,0.3564292826186586,0.023759924092943415,15.046916173990013,694.75,328.8125,16281
17,0.2950597693677934,0.2949740276293501,0.019623319388112962,15.036180349106942,1352.4392361111106,736.173611111111,28165
87,0.3011713398043262,0.3025280951513234,0.020047776027387783,15.022680789773803,1053.5625000000002,565.84375,24833
98,0.3154598931930931,0.31568427447078534,0.021151479695516957,14.914317945328175,1010.9583333333331,526.083333333333,25101
358,0.3035406548644838,0.30437733224299324,0.020381460735921238,14.892978417857439,1040.0625,555.6875,24829
289,0.3220255653883973,0.3225150152403971,0.021717994000234435,14.827592520051398,1008.375,517.125,23810
47,0.3037191186527613,0.3024155527195658,0.020498025426663968,14.816993946045235,1270.908854166666,678.7578124999999,26950
89,0.3205705401203272,0.3200276099540846,0.021658393442215852,14.801215102846978,1017.4583333333335,523.4791666666666,24206
116,0.34718127224857265,0.3478129484530866,0.023489127178722983,14.780509705914394,711.5572916666674,344.8072916666665,16290
117,0.30084084559925295,0.30082903601567096,0.020390581063984413,14.753912340959413,983.4322916666661,528.5625000000007,21686
59,0.30920278286000663,0.3090596992286236,0.02098498664435228,14.734476037573407,1170.2499999999995,617.4791666666666,26378
346,0.37617284576761173,0.377065340336156,0.025534195100797585,14.73212076130262,847.9375,384.375,18548
66,0.3765526866713184,0.3762094790530582,0.02556945472207474,14.726660805411358,821.9166666666671,372.2500000000001,18409
118,0.31002408689460864,0.31046627442726216,0.021146256525398074,14.660944197014205,900.7916666666661,474.4375000000002,21046
495,0.3252443124071605,0.325944730744859,0.022237179384442536,14.626149602170601,882.8749999999993,449.5208333333331,20763
366,0.39474280534783596,0.3954884056996269,0.026995000285040125,14.622811675486123,769.375,333.875,17359
197,0.3231942882292533,0.3226384923053977,0.022178963197587012,14.57210985698446,845.5625,432.5,20288
68,0.3381487643549897,0.33793719254896853,0.023247479375140774,14.54560982282588,1030.5,509.6875,24138
398,0.32667766299157913,0.32657855591244156,0.022483008150203078,14.529980188110567,955.125,484.75,23808
248,0.31355718252966425,0.3145818652693637,0.021593271776531954,14.521059419557028,1138.15625,594.78125,25561
45,0.29987845773872546,0.3004691714979797,0.020664548573633354,14.511735239227594,1302.5086805555552,701.5381944444451,27124
65,0.32309094999585547,0.32229363536337036,0.02233654941159693,14.464675991006454,1163.947916666666,595.4895833333319,25069
268,0.3345418589321028,0.33425376105562143,0.02317218512478536,14.437216737677069,1012.25,504.75,23735
48,0.3127856314082074,0.31218911106302183,0.021717579171268164,14.402416997839948,1155.0052083333335,604.6197916666661,26025
115,0.30477821232446456,0.30531182068307894,0.021325113938824483,14.291985177607216,1006.0859375000013,536.0703124999998,21820
455,0.29999145445222986,0.3002797108601974,0.02101394663167663,14.275826417110045,950.78125,511.96874999999966,21626
46,0.3497797149989435,0.3514573023837309,0.024611906887342713,14.211808804576068,898.3697916666675,432.76562499999983,19739
196,0.37505057316250845,0.3750770441748006,0.026432573450789677,14.188954165236748,637.25,289.625,15419
265,0.3231361132586002,0.3232490612801498,0.02279667293252689,14.174704976248579,1140.9843749999995,583.6822916666657,24600
195,0.3278388278388268,0.3279022339794321,0.023134824491393646,14.170793816083872,860.9374999999986,435.8124999999999,20385
58,0.29023617915693,0.2898271627302747,0.02051330010091872,14.148682938828129,1101.4114583333333,605.8906249999998,26295
146,0.3601551437542326,0.359182811403322,0.02551716166303017,14.11423215913678,690.40625,324.78125,15900
287,0.2990256380215961,0.3002651179240019,0.021204600548990853,14.101922709212602,1039.484375,560.921875,24390
246,0.35371833936393066,0.3552340904849639,0.025117294834127203,14.082660640799933,888.546875,424.203125,19375
88,0.30028169014084516,0.30008460114848406,0.021335868609467176,14.074031652388589,961.6666666666662,517.4999999999999,24196
258,0.28743437041984377,0.28711994152094616,0.02044122339032458,14.061505269586494,1084.28125,600.125,25828
496,0.37133932057789926,0.37103089011069956,0.026408303627626275,14.06146058504998,658.5,301.875,15765
275,0.3224163654099947,0.32345483673956277,0.0229478805167532,14.049940916095203,960.2395833333346,492.0104166666674,22060
377,0.33003239241092086,0.3296176950001933,0.023500707407281513,14.04350884810654,898.1875,452.4375,21078
298,0.3123322736468354,0.31223074678671564,0.022270589382715106,14.02442783527077,993.3125,520.5,24694
266,0.3784314766633038,0.3792964870823876,0.027011982163477694,14.009763310704857,811.25,365.8125,18097
499,0.3358356380877124,0.33456466279177266,0.023977846592011604,14.006080020530222,845.25,420.25,20285
388,0.30326704545454547,0.30415307603064934,0.021725672736099547,13.95892542147312,917.5,490.5,22969
279,0.34226642722291295,0.34245360834373373,0.02457156411954105,13.929370778261463,910.9375,446.375,21486
156,0.35373105697295226,0.3544165776108363,0.025459920038630856,13.893643673516214,661.59375,315.84375,15927
79,0.3314344585176653,0.3314947167185921,0.023917421131989434,13.857449625886852,915.4166666666677,459.66666666666646,21836
198,0.32500267008437467,0.3240095207299174,0.02347923288713168,13.84213324373556,775.375,395.0,19825
155,0.3011363215204316,0.3003997247318202,0.021757440759003766,13.840613188654276,914.2447916666665,491.05729166666725,21210
165,0.33608201113374864,0.3357773741515237,0.024328326265840656,13.814432092915515,867.5208333333338,431.0833333333336,19703
77,0.304577138540048,0.30548343192541866,0.02221145047372249,13.71261813362353,953.3333333333342,508.18749999999983,22337
166,0.37669744703965236,0.3768034007672145,0.027487636200491685,13.70425031428909,633.625,286.875,14950
148,0.32448842991011667,0.3248943230050501,0.023727653033714737,13.675538387595667,865.71875,441.53125,20432
459,0.313899317020218,0.31299242283960366,0.022997177395803193,13.649471481552435,907.78125,474.03125,21072
466,0.37047643842749284,0.3706148177289079,0.027219927463529824,13.610485881120354,658.0,302.25,15337
457,0.2885293733397204,0.2889309607930706,0.021212547746806674,13.601825522497903,924.640625,510.546875,21516
416,0.3444014942944286,0.3437557691772975,0.025336681148020044,13.59299950464673,755.3645833333335,368.3541666666665,16696
147,0.3105350008685079,0.3105949431987173,0.0228576749452268,13.585590031034831,943.09375,496.15625,20999
75,0.3083839264632647,0.30837914643831976,0.02273345886979693,13.565200448796437,971.6545138888904,513.6197916666667,22463
277,0.31541249945407696,0.31689706829578335,0.02332811361010736,13.520703162103013,941.21875,489.84375,21949
419,0.30912851511901657,0.30931254562465743,0.02302104810893709,13.428081712709186,979.0781249999992,516.692708333333,21674
158,0.29718261212809,0.2981346526303311,0.02213251827271,13.427419711860095,821.5625,445.125,20564
497,0.3150599818381685,0.3157059301939914,0.023497881171865534,13.408016643449365,859.84375,447.84375,20663
378,0.324173636001593,0.32385378941616944,0.024189989999620624,13.401147995789872,831.25,424.25,20607
185,0.3011344566019997,0.3011141114800056,0.022734548031496563,13.245675972304637,807.6249999999995,433.7916666666668,19715
119,0.30321067037407207,0.30291609004626147,0.02294122669948379,13.216846437461635,937.3749999999994,501.1874999999999,21166
168,0.33672475376122957,0.3357425052131213,0.025503584942990175,13.203036142327926,771.875,383.0,19123
288,0.2974513891843594,0.29749228315429155,0.022550052116318393,13.190718480384712,952.9375,516.0,23800
449,0.32200997044161117,0.32174707238663747,0.024467200228863124,13.160883445166192,936.4375,480.25,21062
486,0.3495890410958904,0.34957987755497194,0.02658064649534142,13.152014235513802,615.75,296.75,15291
278,0.3155390617565896,0.3160554985873848,0.024025593833923657,13.133455261823945,864.0625,449.5625,21374
167,0.33068393680698654,0.32943311108288886,0.02518769224164894,13.128790586863941,847.5625,426.3125,19608
145,0.3139128457964501,0.3125067475905546,0.02394182886580713,13.11148148104798,963.2760416666664,502.99479166666674,21115
417,0.2838104344708061,0.2841953169335121,0.021651190588840706,13.108306137080774,1006.9687499999985,561.7499999999997,22178
489,0.31377343113284434,0.3139601036093032,0.02399229043858208,13.078094062593719,806.0,421.0,19603
157,0.2963855421686747,0.2973624655712298,0.02273958453771661,13.033903133853656,899.46875,488.1875,21102
415,0.292586571516912,0.2933881848461185,0.022473834602353047,13.0189874889565,1041.4982638888887,569.9965277777785,22304
479,0.34417592486542203,0.34360068914491165,0.02647952956780664,12.997811157637228,733.5,357.875,17914
199,0.3290676416819013,0.32953034305351847,0.02535706344083705,12.97735609052996,817.875,412.875,19889
78,0.3091681769889383,0.30913246006927486,0.023858782875532426,12.958254350266765,872.8333333333343,460.58333333333286,21723
485,0.301275538999887,0.300645417695676,0.023303817261583017,12.92816261036118,840.5833333333327,451.3541666666661,20063
149,0.31937316715542524,0.320586656112639,0.02479543082756318,12.880323369917113,899.8125,464.1875,20557
186,0.35581061692969873,0.3566190399091294,0.027647150655676873,12.869702970878812,590.625,280.625,14983
159,0.30177459380999205,0.3016753060647048,0.023722086644045258,12.721249961615152,868.8125,466.0,20633
465,0.3153229145898189,0.3154877655449081,0.024810824788471852,12.709086347517603,893.3645833333323,465.03125,20213
169,0.33978407007537176,0.3402845562525731,0.026772733554666174,12.691422389931915,822.125,405.125,19263
498,0.3089320994072996,0.3083895750653023,0.024575772389710114,12.570595727711476,786.75,415.375,20204
469,0.33659299823978095,0.3372759564472299,0.026782875440269076,12.56747054626183,854.25,424.0,19778
178,0.3192771084337349,0.3196830515506369,0.025428525108660588,12.555864214279332,684.375,353.125,17529
487,0.2932197547885174,0.29141709448069086,0.02336039495232201,12.55200331103013,820.75,448.5625,19981
418,0.2789078725513611,0.27790230382134967,0.022222633678232996,12.550621883514669,920.4739583333319,518.9947916666667,21511
458,0.2790896972005332,0.28008899170294776,0.0222845342346209,12.523918797770692,839.5625,473.1875,20980
446,0.34332026449763003,0.3443106148827517,0.027514301012964336,12.477884295002172,717.375,350.6875,16293
276,0.3581126743257357,0.3583690376764415,0.02889332993607207,12.394302599183888,690.8125,326.5,16620
187,0.29777167277167277,0.29656323836975873,0.024120954858424883,12.344937193382629,797.15625,431.34375,19639
376,0.3673547890755225,0.36766291391296146,0.02983845958527934,12.311452875963985,666.5,308.375,15987
475,0.3179471441981364,0.31950994774545355,0.02620955498141186,12.130963094322984,760.5104166666674,393.57291666666714,18309
467,0.31525583588776235,0.3143963426077862,0.02607783675066807,12.089033262304092,871.5625,453.75,20120
448,0.294872378179171,0.29400659721279343,0.024416819986338843,12.07660859784982,889.375,484.3125,20878
477,0.3110145246478873,0.3117042719037295,0.025904093199692453,12.006385332630746,744.65625,391.34375,18223
447,0.29400516904456725,0.2946835979645555,0.024499016648654837,12.000692650686865,962.234375,524.984375,21485
179,0.3178947368421053,0.31955390385329635,0.02663155282863348,11.93677060018498,704.25,364.5,17580
76,0.34614137483787255,0.34591635222090705,0.02902889590306732,11.9240282508057,691.916666666667,336.0833333333335,16899
445,0.296479104968739,0.29528698510327134,0.02492351384003675,11.895558020895093,984.9999999999999,534.4999999999998,21594
188,0.29310153914295206,0.2915618202663365,0.024688584551702596,11.871945859396744,729.875,399.0,19222
176,0.34153752658766334,0.3421433278047901,0.028880715977127065,11.825798462134875,551.875,270.875,13909
488,0.28727975934679845,0.28644713213530865,0.02432129211209352,11.811862545080468,748.875,414.625,19553
468,0.32237855602341586,0.3212396020210023,0.027414740424546363,11.759314552355471,804.75,412.375,19591
478,0.3022595528214835,0.3007128396550724,0.026057243285966238,11.599828481636532,688.0,368.625,17801
175,0.3067855715790611,0.3066189514400688,0.026538621430565925,11.559966382644127,749.4687500000006,397.5729166666679,18004
177,0.3057081045099018,0.3063485118914476,0.026752532585959738,11.427258467123353,735.5625,391.125,17920
189,0.30638387232255354,0.30614361935694645,0.027021403679647817,11.338562420919608,777.625,412.875,19235
476,0.3446896756036143,0.3429979141463071,0.03170054153709139,10.87330559322806,567.375,276.5,14158
